<?xml version="1.0" encoding="UTF-8" ?>
<!DOCTYPE mapper
  PUBLIC "-//mybatis.org//DTD Mapper 3.0//EN"
  "http://mybatis.org/dtd/mybatis-3-mapper.dtd">
  
  <mapper namespace="edu.global.ex.mapper.BoardMapper">
  <!-- mybatis 문법  -->
  
  <!-- 리스트  -->
  	<select id="getList" resultType="edu.global.ex.vo.BoardVO">
  	<!--  이 안의 데이터는 sql구문이지 CD Data가 아니다 !  -->
  	<![CDATA[ 
  		select* from mvc_board order by bGroup desc, bStep asc
  	]]> 
  	</select>
  
  <!--  리스트 클릭  -->
    <select id="read" resultType="BoardVO">
  	<!--  이 안의 데이터는 sql구문이지 CD Data가 아니다 !  -->
  	<![CDATA[ 
  		select* from mvc_board where bid = #{bid}
  	]]> 
  	</select>
  
   <!-- 수정 -->
    <update id="update">
    <![CDATA[
      update mvc_board set bname=#{bname}, btitle=#{btitle}, bcontent=#{bcontent} 
             where bid =#{bid}
   	]]>    
    </update>
    
    <!-- delete -->
    <delete id="remove">
    <![CDATA[
      delete from mvc_board where bid = #{bid}
   	]]>    
    </delete>
    
    
    <insert id="insert">
    <![CDATA[
		insert into mvc_board (bid, bname, btitle, bcontent, bhit, bgroup, bstep, bindent) 
        values (mvc_board_seq.nextval, #{bname}, #{btitle}, #{bcontent}, 0, mvc_board_seq.currval, 0, 0) 
   ]]>      
    </insert>

<!-- 댓글을 하나씩 미뤄서 정렬을 해줘야 하기 때문에 세로 정렬을 bstep에 +1로 한칸식 미뤄내줘야 한다.  -->
	<update id="updateShape">
    <![CDATA[s
      update mvc_board set bstep = bstep + 1 where bgroup =#{bgroup} and bstep > #{bstep}
   ]]>         
    </update>
  
    <insert id="insertReply">
    <![CDATA[
      insert into mvc_board (bid, bname, btitle, bcontent, bgroup, bstep, bindent) 
      values (mvc_board_seq.nextval, #{bname}, #{btitle},#{bcontent}, 
                #{bgroup}, #{bstep}+1, #{bindent}+1)
   ]]>      
    </insert>
  
     <select id="getTotalCount" resultType="int">
      <![CDATA[
          select count(*) from mvc_board
      ]]>
   </select>
   
   <select id="getListWithPaging" resultType="BoardVO">
      <![CDATA[
        SELECT * FROM (
              SELECT ROWNUM AS RNUM, A.* FROM (
                       SELECT
                             *
                         FROM
                             mvc_board 
                         order by bGroup desc, bStep asc   
             ) A WHERE ROWNUM <= #{pageNum} * #{amount}
         ) WHERE RNUM > (#{pageNum}-1) * #{amount}
      ]]>
   </select>

  
  </mapper>